filename,rbr,percentage
0000.jpg,False,0.0
0001.jpg,True,0.0704
0002.jpg,False,0.0
0003.jpg,False,0.0
0004.jpg,False,0.0
0005.jpg,True,0.0108
0006.jpg,True,0.564
0007.jpg,True,0.5349
0008.jpg,False,0.0
0009.jpg,True,0.1398
0010.jpg,False,0.0
0011.jpg,False,0.0
0012.jpg,False,0.0
0013.jpg,False,0.0
0014.jpg,False,0.0
0015.jpg,False,0.0
0016.jpg,True,0.1012
0017.jpg,False,0.0
0018.jpg,True,0.0803
0019.jpg,True,0.2815
0020.jpg,False,0.0
0021.jpg,True,0.1115
0022.jpg,False,0.0
0023.jpg,False,0.0
0024.jpg,True,0.2799
0025.jpg,False,0.0
0026.jpg,True,0.8536
0027.jpg,True,0.436
0028.jpg,True,0.5238
0029.jpg,True,0.6872
0030.jpg,False,0.0
0031.jpg,False,0.0
0032.jpg,True,0.8451
0033.jpg,True,0.5309
0034.jpg,False,0.0
0035.jpg,False,0.0
0036.jpg,False,0.0
0037.jpg,True,0.0456
0038.jpg,True,0.4617
0039.jpg,True,0.5433
0040.jpg,False,0.0
0041.jpg,True,0.2698
0042.jpg,True,0.5734
0043.jpg,True,0.7348
0044.jpg,True,0.5042
0045.jpg,False,0.0
0046.jpg,False,0.0
0047.jpg,True,0.6968
0048.jpg,True,0.2934
0049.jpg,True,0.2311
0050.jpg,False,0.0
0051.jpg,True,0.4314
0052.jpg,True,0.1331
0053.jpg,True,0.0787
0054.jpg,True,0.4756
0055.jpg,True,0.0377
0056.jpg,True,0.5846
0057.jpg,False,0.0
0058.jpg,False,0.0
0059.jpg,False,0.0
0060.jpg,False,0.0
0061.jpg,True,0.4195
0062.jpg,False,0.0
0063.jpg,False,0.0
0064.jpg,False,0.0
0065.jpg,False,0.0
0066.jpg,False,0.0
0067.jpg,True,0.3266
0068.jpg,False,0.0
0069.jpg,False,0.0
0070.jpg,True,0.5212
0071.jpg,False,0.0
0072.jpg,True,0.5576
0073.jpg,False,0.0
0074.jpg,False,0.0
0075.jpg,False,0.0
0076.jpg,True,0.5795
0077.jpg,False,0.0
0078.jpg,False,0.0
0079.jpg,False,0.0
0080.jpg,False,0.0
0081.jpg,True,0.6994
0082.jpg,True,0.0138
0083.jpg,False,0.0
0084.jpg,False,0.0
0085.jpg,False,0.0
0086.jpg,True,0.5418
0087.jpg,False,0.0
0088.jpg,False,0.0
0089.jpg,True,0.1166
0090.jpg,False,0.0
0091.jpg,False,0.0
0092.jpg,True,0.6145
0093.jpg,True,0.5282
0094.jpg,False,0.0
0095.jpg,False,0.0
0096.jpg,False,0.0
0097.jpg,False,0.0
0098.jpg,False,0.0
0099.jpg,True,0.7815
0100.jpg,False,0.0
0101.jpg,False,0.0
0102.jpg,True,0.6402
0103.jpg,True,0.5009
0104.jpg,True,0.6583
0105.jpg,True,0.6598
0106.jpg,False,0.0
0107.jpg,True,0.0412
0108.jpg,True,0.4789
0109.jpg,False,0.0
0110.jpg,False,0.0
0111.jpg,True,0.6017
0112.jpg,True,0.4558
0113.jpg,True,0.5941
0114.jpg,False,0.0
0115.jpg,False,0.0
0116.jpg,False,0.0
0117.jpg,True,0.6708
0118.jpg,True,0.1451
0119.jpg,True,0.4347
0120.jpg,True,0.6689
0121.jpg,True,0.5612
0122.jpg,True,0.2254
0123.jpg,True,0.0998
0124.jpg,False,0.0
0125.jpg,True,0.011
0126.jpg,False,0.0
0127.jpg,False,0.0
0128.jpg,True,0.1194
0129.jpg,False,0.0
0130.jpg,False,0.0
0131.jpg,False,0.0
0132.jpg,False,0.0
0133.jpg,True,0.6643
0134.jpg,False,0.0
0135.jpg,False,0.0
0136.jpg,False,0.0
0137.jpg,True,0.0874
0138.jpg,True,0.6292
0139.jpg,False,0.0
0140.jpg,False,0.0
0141.jpg,False,0.0
0142.jpg,False,0.0
0143.jpg,False,0.0
0144.jpg,False,0.0
0145.jpg,True,0.4592
0146.jpg,True,0.4803
0147.jpg,True,0.5778
0148.jpg,True,0.5098
0149.jpg,True,0.5026
0150.jpg,True,0.1275
0151.jpg,False,0.0
0152.jpg,True,0.2663
0153.jpg,False,0.0
0154.jpg,False,0.0
0155.jpg,False,0.0
0156.jpg,False,0.0
0157.jpg,True,0.1993
0158.jpg,True,0.4013
0159.jpg,False,0.0
0160.jpg,True,0.4985
0161.jpg,False,0.0
0162.jpg,False,0.0
0163.jpg,True,0.4911
0164.jpg,True,0.5265
0165.jpg,False,0.0
0166.jpg,True,0.4152
0167.jpg,False,0.0
0168.jpg,False,0.0
0169.jpg,False,0.0
0170.jpg,False,0.0
0171.jpg,False,0.0
0172.jpg,True,0.3353
0173.jpg,False,0.0
0174.jpg,True,0.6621
0175.jpg,False,0.0
0176.jpg,True,0.2972
0177.jpg,True,0.0912
0178.jpg,True,0.1197
0179.jpg,False,0.0
0180.jpg,False,0.0
0181.jpg,True,0.6303
0182.jpg,True,0.561
0183.jpg,False,0.0
0184.jpg,False,0.0
0185.jpg,True,0.4354
0186.jpg,True,0.6802
0187.jpg,True,0.3048
0188.jpg,False,0.0
0189.jpg,False,0.0
0190.jpg,True,0.0271
0191.jpg,False,0.0
0192.jpg,False,0.0
0193.jpg,True,0.1203
0194.jpg,True,0.3352
0195.jpg,False,0.0
0196.jpg,False,0.0
0197.jpg,False,0.0
0198.jpg,True,0.444
0199.jpg,True,0.7075
0200.jpg,False,0.0
0201.jpg,False,0.0
0202.jpg,True,0.2331
0203.jpg,True,0.0411
0204.jpg,False,0.0
0205.jpg,False,0.0
0206.jpg,True,0.2017
0207.jpg,False,0.0
0208.jpg,True,0.1476
0209.jpg,False,0.0
0210.jpg,False,0.0
0211.jpg,False,0.0
0212.jpg,True,0.5445
0213.jpg,False,0.0
0214.jpg,False,0.0
0215.jpg,False,0.0
0216.jpg,False,0.0
0217.jpg,False,0.0
0218.jpg,True,0.7226
0219.jpg,True,0.7894
0220.jpg,False,0.0
0221.jpg,True,0.1223
0222.jpg,False,0.0
0223.jpg,True,0.0127
0224.jpg,True,0.6962
0225.jpg,True,0.5762
0226.jpg,True,0.2883
0227.jpg,False,0.0
0228.jpg,False,0.0
0229.jpg,False,0.0
0230.jpg,False,0.0
0231.jpg,False,0.0
0232.jpg,True,0.2714
0233.jpg,False,0.0
0234.jpg,True,0.1274
0235.jpg,False,0.0
0236.jpg,True,0.1237
0237.jpg,True,0.5049
0238.jpg,False,0.0
0239.jpg,True,0.0254
0240.jpg,False,0.0
0241.jpg,True,0.6048
0242.jpg,False,0.0
0243.jpg,False,0.0
0244.jpg,True,0.6204
0245.jpg,True,0.5517
0246.jpg,True,0.0253
0247.jpg,False,0.0
0248.jpg,True,0.0835
0249.jpg,False,0.0
0250.jpg,False,0.0
0251.jpg,True,0.1101
0252.jpg,True,0.4872
0253.jpg,False,0.0
0254.jpg,True,0.5783
0255.jpg,True,0.0778
0256.jpg,True,0.2665
0257.jpg,False,0.0
0258.jpg,False,0.0
0259.jpg,True,0.4837
0260.jpg,False,0.0
0261.jpg,False,0.0
0262.jpg,True,0.6309
0263.jpg,True,0.4139
0264.jpg,True,0.223
0265.jpg,False,0.0
0266.jpg,True,0.4206
0267.jpg,True,0.5746
0268.jpg,False,0.0
0269.jpg,False,0.0
0270.jpg,True,0.0325
0271.jpg,False,0.0
0272.jpg,True,0.0951
0273.jpg,False,0.0
0274.jpg,False,0.0
0275.jpg,False,0.0
0276.jpg,False,0.0
0277.jpg,True,0.014
0278.jpg,False,0.0
0279.jpg,False,0.0
0280.jpg,False,0.0
0281.jpg,True,0.5768
0282.jpg,False,0.0
0283.jpg,False,0.0
0284.jpg,False,0.0
0285.jpg,False,0.0
0286.jpg,True,0.5848
0287.jpg,True,0.1877
0288.jpg,False,0.0
0289.jpg,False,0.0
0290.jpg,True,0.2913
0291.jpg,True,0.6427
0292.jpg,True,0.6587
0293.jpg,True,0.126
0294.jpg,False,0.0
0295.jpg,False,0.0
0296.jpg,False,0.0
0297.jpg,False,0.0
0298.jpg,False,0.0
0299.jpg,True,0.5854
0300.jpg,False,0.0
0301.jpg,True,0.6532
0302.jpg,True,0.0962
0303.jpg,False,0.0
0304.jpg,True,0.5768
0305.jpg,True,0.1162
0306.jpg,False,0.0
0307.jpg,False,0.0
0308.jpg,True,0.5629
0309.jpg,False,0.0
0310.jpg,False,0.0
0311.jpg,True,0.0508
0312.jpg,True,0.028
0313.jpg,True,0.6525
0314.jpg,True,0.582
0315.jpg,True,0.3079
0316.jpg,False,0.0
0317.jpg,False,0.0
0318.jpg,True,0.0371
0319.jpg,True,0.6301
0320.jpg,False,0.0
0321.jpg,True,0.4557
0322.jpg,False,0.0
0323.jpg,False,0.0
0324.jpg,True,0.7256
0325.jpg,False,0.0
0326.jpg,False,0.0
0327.jpg,False,0.0
0328.jpg,True,0.4328
0329.jpg,True,0.0468
0330.jpg,False,0.0
0331.jpg,True,0.0383
0332.jpg,True,0.0616
0333.jpg,True,0.5608
0334.jpg,False,0.0
0335.jpg,False,0.0
0336.jpg,False,0.0
0337.jpg,False,0.0
0338.jpg,True,0.3246
0339.jpg,False,0.0
0340.jpg,False,0.0
0341.jpg,False,0.0
0342.jpg,True,0.7169
0343.jpg,True,0.0496
0344.jpg,True,0.7086
0345.jpg,False,0.0
0346.jpg,True,0.602
0347.jpg,True,0.4379
0348.jpg,True,0.1323
0349.jpg,True,0.5942
0350.jpg,True,0.3476
0351.jpg,True,0.5739
0352.jpg,True,0.2176
0353.jpg,False,0.0
0354.jpg,False,0.0
0355.jpg,False,0.0
0356.jpg,False,0.0
0357.jpg,False,0.0
0358.jpg,False,0.0
0359.jpg,True,0.1097
0360.jpg,True,0.6935
0361.jpg,True,0.5942
0362.jpg,False,0.0
0363.jpg,True,0.5425
0364.jpg,False,0.0
0365.jpg,True,0.6675
0366.jpg,False,0.0
0367.jpg,False,0.0
0368.jpg,True,0.1319
0369.jpg,True,0.1372
0370.jpg,False,0.0
0371.jpg,False,0.0
0372.jpg,True,0.8058
0373.jpg,False,0.0
0374.jpg,True,0.7642
0375.jpg,False,0.0
0376.jpg,True,0.7637
0377.jpg,True,0.7596
0378.jpg,True,0.687
0379.jpg,True,0.695
0380.jpg,False,0.0
0381.jpg,False,0.0
0382.jpg,True,0.6587
0383.jpg,False,0.0
0384.jpg,False,0.0
0385.jpg,True,0.0785
0386.jpg,False,0.0
0387.jpg,True,0.3643
0388.jpg,False,0.0
0389.jpg,False,0.0
0390.jpg,True,0.1706
0391.jpg,True,0.6513
0392.jpg,False,0.0
0393.jpg,True,0.6162
0394.jpg,True,0.5007
0395.jpg,False,0.0
0396.jpg,True,0.4289
0397.jpg,False,0.0
0398.jpg,False,0.0
0399.jpg,True,0.7128
0400.jpg,True,0.0344
0401.jpg,True,0.6948
0402.jpg,True,0.7938
0403.jpg,False,0.0
0404.jpg,False,0.0
0405.jpg,False,0.0
0406.jpg,True,0.1495
0407.jpg,True,0.1481
0408.jpg,True,0.6386
0409.jpg,True,0.4303
0410.jpg,True,0.8014
0411.jpg,True,0.0244
0412.jpg,False,0.0
0413.jpg,False,0.0
0414.jpg,True,0.4406
0415.jpg,False,0.0
0416.jpg,True,0.1029
0417.jpg,False,0.0
0418.jpg,False,0.0
0419.jpg,False,0.0
0420.jpg,False,0.0
0421.jpg,True,0.1352
0422.jpg,False,0.0
0423.jpg,False,0.0
0424.jpg,False,0.0
0425.jpg,True,0.4519
0426.jpg,True,0.7346
0427.jpg,False,0.0
0428.jpg,True,0.5992
0429.jpg,True,0.2941
0430.jpg,True,0.5785
0431.jpg,True,0.0227
0432.jpg,True,0.4742
0433.jpg,False,0.0
0434.jpg,False,0.0
0435.jpg,True,0.0327
0436.jpg,False,0.0
0437.jpg,True,0.2596
0438.jpg,True,0.0338
0439.jpg,True,0.4981
0440.jpg,False,0.0
0441.jpg,False,0.0
0442.jpg,False,0.0
0443.jpg,True,0.3393
0444.jpg,False,0.0
0445.jpg,False,0.0
0446.jpg,False,0.0
0447.jpg,False,0.0
0448.jpg,False,0.0
0449.jpg,False,0.0
0450.jpg,False,0.0
0451.jpg,True,0.2551
0452.jpg,False,0.0
0453.jpg,True,0.6759
0454.jpg,False,0.0
0455.jpg,True,0.2888
0456.jpg,True,0.5613
0457.jpg,True,0.1321
0458.jpg,False,0.0
0459.jpg,False,0.0
0460.jpg,True,0.0277
0461.jpg,False,0.0
0462.jpg,False,0.0
0463.jpg,True,0.6018
0464.jpg,True,0.6342
0465.jpg,True,0.2354
0466.jpg,False,0.0
0467.jpg,False,0.0
0468.jpg,False,0.0
0469.jpg,True,0.0039
0470.jpg,True,0.0099
0471.jpg,False,0.0
0472.jpg,False,0.0
0473.jpg,True,0.8212
0474.jpg,True,0.3564
0475.jpg,False,0.0
0476.jpg,False,0.0
0477.jpg,True,0.6349
0478.jpg,True,0.1157
0479.jpg,True,0.704
0480.jpg,False,0.0
0481.jpg,True,0.2133
0482.jpg,True,0.0654
0483.jpg,False,0.0
0484.jpg,False,0.0
0485.jpg,True,0.0324
0486.jpg,False,0.0
0487.jpg,False,0.0
0488.jpg,False,0.0
0489.jpg,True,0.0571
0490.jpg,False,0.0
0491.jpg,False,0.0
0492.jpg,True,0.5546
0493.jpg,False,0.0
0494.jpg,True,0.3758
0495.jpg,True,0.0202
0496.jpg,False,0.0
0497.jpg,True,0.4355
0498.jpg,False,0.0
0499.jpg,False,0.0
0500.jpg,True,0.3737
0501.jpg,False,0.0
0502.jpg,True,0.5562
0503.jpg,False,0.0
0504.jpg,True,0.611
0505.jpg,False,0.0
0506.jpg,True,0.6116
0507.jpg,True,0.5746
0508.jpg,False,0.0
0509.jpg,True,0.7509
0510.jpg,True,0.1685
0511.jpg,True,0.3052
0512.jpg,True,0.5731
0513.jpg,True,0.3234
0514.jpg,False,0.0
0515.jpg,True,0.6977
0516.jpg,True,0.2222
0517.jpg,True,0.3002
0518.jpg,False,0.0
0519.jpg,True,0.2565
0520.jpg,True,0.0276
0521.jpg,False,0.0
0522.jpg,True,0.8173
0523.jpg,True,0.2348
0524.jpg,True,0.2984
0525.jpg,False,0.0
0526.jpg,True,0.6975
0527.jpg,False,0.0
0528.jpg,True,0.1048
0529.jpg,False,0.0
0530.jpg,False,0.0
0531.jpg,False,0.0
0532.jpg,False,0.0
0533.jpg,True,0.2825
0534.jpg,True,0.4345
0535.jpg,True,0.3408
0536.jpg,True,0.6126
0537.jpg,True,0.0163
0538.jpg,True,0.4928
0539.jpg,False,0.0
0540.jpg,True,0.6425
0541.jpg,True,0.0767
0542.jpg,False,0.0
0543.jpg,True,0.034
0544.jpg,True,0.1665
0545.jpg,False,0.0
0546.jpg,True,0.861
0547.jpg,True,0.4853
0548.jpg,True,0.1049
0549.jpg,False,0.0
0550.jpg,False,0.0
0551.jpg,False,0.0
0552.jpg,False,0.0
0553.jpg,False,0.0
0554.jpg,True,0.6483
0555.jpg,False,0.0
0556.jpg,False,0.0
0557.jpg,False,0.0
0558.jpg,True,0.1625
0559.jpg,True,0.6594
0560.jpg,True,0.4346
0561.jpg,True,0.5838
0562.jpg,False,0.0
0563.jpg,True,0.1643
0564.jpg,False,0.0
0565.jpg,True,0.067
0566.jpg,False,0.0
0567.jpg,True,0.3444
0568.jpg,False,0.0
0569.jpg,True,0.6235
0570.jpg,True,0.064
0571.jpg,False,0.0
0572.jpg,False,0.0
0573.jpg,True,0.5785
0574.jpg,False,0.0
0575.jpg,False,0.0
0576.jpg,True,0.6559
0577.jpg,False,0.0
0578.jpg,True,0.7006
0579.jpg,False,0.0
0580.jpg,False,0.0
0581.jpg,False,0.0
0582.jpg,False,0.0
0583.jpg,True,0.2266
0584.jpg,True,0.2715
0585.jpg,False,0.0
0586.jpg,True,0.7065
0587.jpg,True,0.2437
0588.jpg,True,0.2868
0589.jpg,True,0.0267
0590.jpg,False,0.0
0591.jpg,False,0.0
0592.jpg,True,0.5812
0593.jpg,False,0.0
0594.jpg,True,0.3892
0595.jpg,True,0.1322
0596.jpg,False,0.0
0597.jpg,False,0.0
0598.jpg,True,0.0282
0599.jpg,True,0.1894
0600.jpg,False,0.0
0601.jpg,True,0.7705
0602.jpg,True,0.0263
0603.jpg,True,0.6039
0604.jpg,False,0.0
0605.jpg,True,0.0953
0606.jpg,True,0.1096
0607.jpg,True,0.3962
0608.jpg,False,0.0
0609.jpg,True,0.5228
0610.jpg,True,0.2038
0611.jpg,False,0.0
0612.jpg,True,0.615
0613.jpg,True,0.6915
0614.jpg,True,0.5758
0615.jpg,False,0.0
0616.jpg,False,0.0
0617.jpg,False,0.0
0618.jpg,True,0.0222
0619.jpg,True,0.4887
0620.jpg,False,0.0
0621.jpg,True,0.3178
0622.jpg,True,0.5423
0623.jpg,False,0.0
0624.jpg,False,0.0
0625.jpg,True,0.2696
0626.jpg,True,0.6923
0627.jpg,False,0.0
0628.jpg,False,0.0
0629.jpg,True,0.558
0630.jpg,True,0.245
0631.jpg,False,0.0
0632.jpg,True,0.5281
0633.jpg,False,0.0
0634.jpg,False,0.0
0635.jpg,True,0.5278
0636.jpg,True,0.7283
0637.jpg,True,0.2486
0638.jpg,False,0.0
0639.jpg,False,0.0
0640.jpg,False,0.0
0641.jpg,False,0.0
0642.jpg,True,0.2683
0643.jpg,False,0.0
0644.jpg,False,0.0
0645.jpg,True,0.6934
0646.jpg,True,0.6571
0647.jpg,False,0.0
0648.jpg,True,0.43
0649.jpg,True,0.4928
0650.jpg,False,0.0
0651.jpg,True,0.3035
0652.jpg,False,0.0
0653.jpg,False,0.0
0654.jpg,False,0.0
0655.jpg,False,0.0
0656.jpg,False,0.0
0657.jpg,True,0.0728
0658.jpg,True,0.2266
0659.jpg,True,0.571
0660.jpg,True,0.0128
0661.jpg,False,0.0
0662.jpg,False,0.0
0663.jpg,True,0.2744
0664.jpg,False,0.0
0665.jpg,False,0.0
0666.jpg,False,0.0
0667.jpg,False,0.0
0668.jpg,True,0.515
0669.jpg,False,0.0
0670.jpg,False,0.0
0671.jpg,True,0.1869
0672.jpg,False,0.0
0673.jpg,False,0.0
0674.jpg,False,0.0
0675.jpg,False,0.0
0676.jpg,False,0.0
0677.jpg,True,0.4701
0678.jpg,True,0.6372
0679.jpg,False,0.0
0680.jpg,True,0.7077
0681.jpg,True,0.5927
0682.jpg,True,0.0327
0683.jpg,True,0.1887
0684.jpg,True,0.1831
0685.jpg,False,0.0
0686.jpg,True,0.4095
0687.jpg,True,0.6697
0688.jpg,True,0.1941
0689.jpg,True,0.1373
0690.jpg,False,0.0
0691.jpg,False,0.0
0692.jpg,True,0.4947
0693.jpg,True,0.032
0694.jpg,True,0.1103
0695.jpg,True,0.0406
0696.jpg,False,0.0
0697.jpg,False,0.0
0698.jpg,False,0.0
0699.jpg,False,0.0
0700.jpg,True,0.0478
0701.jpg,False,0.0
0702.jpg,True,0.071
0703.jpg,False,0.0
0704.jpg,True,0.1426
0705.jpg,False,0.0
0706.jpg,True,0.4761
0707.jpg,False,0.0
0708.jpg,False,0.0
0709.jpg,True,0.4538
0710.jpg,True,0.6772
0711.jpg,False,0.0
0712.jpg,True,0.0181
0713.jpg,False,0.0
0714.jpg,True,0.0351
0715.jpg,True,0.5946
0716.jpg,False,0.0
0717.jpg,False,0.0
0718.jpg,True,0.144
0719.jpg,False,0.0
0720.jpg,False,0.0
0721.jpg,False,0.0
0722.jpg,True,0.5963
0723.jpg,False,0.0
0724.jpg,True,0.0063
0725.jpg,False,0.0
0726.jpg,True,0.5399
0727.jpg,True,0.4573
0728.jpg,True,0.4957
0729.jpg,True,0.1062
0730.jpg,True,0.4971
0731.jpg,False,0.0
0732.jpg,False,0.0
0733.jpg,False,0.0
0734.jpg,True,0.2173
0735.jpg,False,0.0
0736.jpg,False,0.0
0737.jpg,True,0.2049
0738.jpg,False,0.0
0739.jpg,True,0.5436
0740.jpg,True,0.1347
0741.jpg,True,0.1937
0742.jpg,False,0.0
0743.jpg,False,0.0
0744.jpg,True,0.6547
0745.jpg,False,0.0
0746.jpg,True,0.2822
0747.jpg,True,0.2709
0748.jpg,False,0.0
0749.jpg,True,0.44
0750.jpg,True,0.5299
0751.jpg,True,0.2506
0752.jpg,True,0.6081
0753.jpg,True,0.4774
0754.jpg,True,0.6109
0755.jpg,False,0.0
0756.jpg,True,0.783
0757.jpg,False,0.0
0758.jpg,False,0.0
0759.jpg,False,0.0
0760.jpg,False,0.0
0761.jpg,True,0.4342
0762.jpg,False,0.0
0763.jpg,True,0.3287
0764.jpg,True,0.0933
0765.jpg,True,0.045
0766.jpg,True,0.7579
0767.jpg,True,0.213
0768.jpg,False,0.0
0769.jpg,False,0.0
0770.jpg,True,0.445
0771.jpg,False,0.0
0772.jpg,False,0.0
0773.jpg,True,0.6796
0774.jpg,True,0.7481
0775.jpg,False,0.0
0776.jpg,False,0.0
0777.jpg,False,0.0
0778.jpg,True,0.0463
0779.jpg,True,0.0225
0780.jpg,True,0.0989
0781.jpg,False,0.0
0782.jpg,False,0.0
0783.jpg,True,0.2151
0784.jpg,False,0.0
0785.jpg,False,0.0
0786.jpg,False,0.0
0787.jpg,True,0.5104
0788.jpg,False,0.0
0789.jpg,False,0.0
0790.jpg,False,0.0
0791.jpg,False,0.0
0792.jpg,True,0.5002
0793.jpg,False,0.0
0794.jpg,False,0.0
0795.jpg,False,0.0
0796.jpg,True,0.5518
0797.jpg,False,0.0
0798.jpg,False,0.0
0799.jpg,True,0.6706
0800.jpg,True,0.5928
0801.jpg,True,0.4169
0802.jpg,True,0.5343
0803.jpg,True,0.3869
0804.jpg,True,0.2028
0805.jpg,True,0.2044
0806.jpg,True,0.3881
0807.jpg,False,0.0
0808.jpg,False,0.0
0809.jpg,False,0.0
0810.jpg,True,0.116
0811.jpg,True,0.4521
0812.jpg,False,0.0
0813.jpg,False,0.0
0814.jpg,False,0.0
0815.jpg,True,0.1693
0816.jpg,True,0.4819
0817.jpg,False,0.0
0818.jpg,False,0.0
0819.jpg,False,0.0
0820.jpg,False,0.0
0821.jpg,True,0.6085
0822.jpg,False,0.0
0823.jpg,False,0.0
0824.jpg,False,0.0
0825.jpg,False,0.0
0826.jpg,True,0.5182
0827.jpg,True,0.0528
0828.jpg,True,0.2613
0829.jpg,True,0.585
0830.jpg,True,0.4958
0831.jpg,False,0.0
0832.jpg,True,0.2912
0833.jpg,True,0.6864
0834.jpg,True,0.0197
0835.jpg,True,0.5871
0836.jpg,True,0.045
0837.jpg,True,0.2704
0838.jpg,True,0.0566
0839.jpg,False,0.0
0840.jpg,True,0.6098
0841.jpg,True,0.51
0842.jpg,True,0.5406
0843.jpg,True,0.7246
0844.jpg,True,0.075
0845.jpg,True,0.4667
0846.jpg,False,0.0
0847.jpg,False,0.0
0848.jpg,True,0.6118
0849.jpg,True,0.1226
0850.jpg,False,0.0
0851.jpg,True,0.1803
0852.jpg,False,0.0
0853.jpg,True,0.3918
0854.jpg,True,0.6467
0855.jpg,False,0.0
0856.jpg,True,0.6356
0857.jpg,False,0.0
0858.jpg,True,0.1852
0859.jpg,False,0.0
0860.jpg,False,0.0
0861.jpg,False,0.0
0862.jpg,False,0.0
0863.jpg,False,0.0
0864.jpg,True,0.4408
0865.jpg,False,0.0
0866.jpg,False,0.0
0867.jpg,True,0.5038
0868.jpg,True,0.1456
0869.jpg,True,0.1947
0870.jpg,False,0.0
0871.jpg,True,0.2103
0872.jpg,True,0.5135
0873.jpg,False,0.0
0874.jpg,True,0.2842
0875.jpg,False,0.0
0876.jpg,False,0.0
0877.jpg,False,0.0
0878.jpg,False,0.0
0879.jpg,False,0.0
0880.jpg,False,0.0
0881.jpg,True,0.4273
0882.jpg,False,0.0
0883.jpg,True,0.7855
0884.jpg,False,0.0
0885.jpg,True,0.0396
0886.jpg,False,0.0
0887.jpg,True,0.5383
0888.jpg,False,0.0
0889.jpg,True,0.7947
0890.jpg,True,0.0114
0891.jpg,False,0.0
0892.jpg,True,0.015
0893.jpg,False,0.0
0894.jpg,True,0.6211
0895.jpg,True,0.4857
0896.jpg,True,0.2494
0897.jpg,True,0.0075
0898.jpg,False,0.0
0899.jpg,False,0.0
0900.jpg,False,0.0
0901.jpg,False,0.0
0902.jpg,False,0.0
0903.jpg,True,0.4
0904.jpg,True,0.4014
0905.jpg,False,0.0
0906.jpg,True,0.1162
0907.jpg,False,0.0
0908.jpg,True,0.5304
0909.jpg,True,0.6509
0910.jpg,True,0.4754
0911.jpg,False,0.0
0912.jpg,False,0.0
0913.jpg,False,0.0
0914.jpg,True,0.1538
0915.jpg,True,0.232
0916.jpg,True,0.6997
0917.jpg,True,0.6512
0918.jpg,False,0.0
0919.jpg,False,0.0
0920.jpg,True,0.0627
0921.jpg,True,0.6809
0922.jpg,False,0.0
0923.jpg,False,0.0
0924.jpg,True,0.059
0925.jpg,False,0.0
0926.jpg,True,0.7121
0927.jpg,True,0.143
0928.jpg,True,0.4549
0929.jpg,False,0.0
0930.jpg,True,0.3293
0931.jpg,False,0.0
0932.jpg,False,0.0
0933.jpg,True,0.1679
0934.jpg,False,0.0
0935.jpg,False,0.0
0936.jpg,True,0.1754
0937.jpg,False,0.0
0938.jpg,True,0.0287
0939.jpg,True,0.4707
0940.jpg,True,0.4796
0941.jpg,True,0.0608
0942.jpg,False,0.0
0943.jpg,True,0.7
0944.jpg,False,0.0
0945.jpg,False,0.0
0946.jpg,False,0.0
0947.jpg,False,0.0
0948.jpg,False,0.0
0949.jpg,True,0.6914
0950.jpg,True,0.6382
0951.jpg,True,0.5496
0952.jpg,True,0.6255
0953.jpg,False,0.0
0954.jpg,False,0.0
0955.jpg,True,0.3762
0956.jpg,True,0.5236
0957.jpg,False,0.0
0958.jpg,True,0.6399
0959.jpg,True,0.2459
0960.jpg,False,0.0
0961.jpg,True,0.4827
0962.jpg,True,0.6522
0963.jpg,True,0.3568
0964.jpg,False,0.0
0965.jpg,False,0.0
0966.jpg,True,0.4575
0967.jpg,True,0.6544
0968.jpg,True,0.5462
0969.jpg,False,0.0
0970.jpg,False,0.0
0971.jpg,True,0.821
0972.jpg,False,0.0
0973.jpg,True,0.6228
0974.jpg,True,0.4844
0975.jpg,True,0.3372
0976.jpg,True,0.0223
0977.jpg,False,0.0
0978.jpg,False,0.0
0979.jpg,True,0.4441
0980.jpg,True,0.0524
0981.jpg,False,0.0
0982.jpg,True,0.6497
0983.jpg,False,0.0
0984.jpg,True,0.3272
0985.jpg,True,0.6909
0986.jpg,False,0.0
0987.jpg,True,0.215
0988.jpg,True,0.5639
0989.jpg,False,0.0
0990.jpg,False,0.0
0991.jpg,False,0.0
0992.jpg,False,0.0
0993.jpg,False,0.0
0994.jpg,True,0.5946
0995.jpg,True,0.6188
0996.jpg,False,0.0
0997.jpg,True,0.2098
0998.jpg,False,0.0
0999.jpg,True,0.2322
1000.jpg,False,0.0
1001.jpg,False,0.0
1002.jpg,False,0.0
1003.jpg,False,0.0
1004.jpg,False,0.0
1005.jpg,True,0.2668
1006.jpg,False,0.0
1007.jpg,True,0.1087
1008.jpg,True,0.2082
1009.jpg,True,0.2313
